{
	"info": {
		"_postman_id": "1f65d97b-4314-4fda-8d49-c63cfac59a29",
		"name": "MottuMarvel",
		"schema": "https://schema.getpostman.com/json/collection/v2.1.0/collection.json"
	},
	"item": [
		{
			"name": "/v1/public/characters",
			"event": [
				{
					"listen": "prerequest",
					"script": {
						"exec": [
							"\r",
							""
						],
						"type": "text/javascript"
					}
				},
				{
					"listen": "test",
					"script": {
						"exec": [
							"pm.test(\"Status code is 200\", function () {\r",
							"    pm.response.to.have.status(200);\r",
							"});\r",
							"\r",
							"pm.test(\"Response status is 'Ok'\", function () {\r",
							"    pm.expect(pm.response.json().status).to.eql(\"Ok\");\r",
							"});\r",
							"\r",
							"pm.test(\"Response data is not empty\", function () {\r",
							"    pm.expect(pm.response.json().data).to.not.be.empty;\r",
							"});\r",
							"\r",
							"pm.test(\"Response results contains at least one item\", function () {\r",
							"    pm.expect(pm.response.json().data.results).to.have.lengthOf.at.least(1);\r",
							"});\r",
							"\r",
							"pm.test(\"Each result item's ID is an integer\", function () {\r",
							"    var results = pm.response.json().data.results;\r",
							"    results.forEach(function (item) {\r",
							"        pm.expect(item.id).to.be.an('number');\r",
							"        pm.expect(item.id % 1).to.eql(0); // Verifica se é um número inteiro\r",
							"    });\r",
							"});\r",
							"\r",
							"\r",
							"pm.test(\"Each result item's description is not empty\", function () {\r",
							"    var results = pm.response.json().data.results;\r",
							"    results.forEach(function (item) {\r",
							"        pm.expect(item.description).to.not.be.empty;\r",
							"    });\r",
							"});\r",
							"\r",
							"pm.test(\"Response time is within acceptable limit\", function () {\r",
							"    pm.expect(pm.response.responseTime).to.be.below(500); // Altere o limite conforme necessário\r",
							"});\r",
							"\r",
							"\r",
							"\r",
							"\r",
							"\r",
							"\r",
							"\r",
							"\r",
							""
						],
						"type": "text/javascript"
					}
				}
			],
			"request": {
				"auth": {
					"type": "noauth"
				},
				"method": "GET",
				"header": [
					{
						"key": "Content-Type",
						"value": "application/json",
						"type": "default"
					},
					{
						"key": "",
						"value": "",
						"type": "default",
						"disabled": true
					},
					{
						"key": "",
						"value": "",
						"type": "default",
						"disabled": true
					}
				],
				"url": {
					"raw": "https://gateway.marvel.com:443/v1/public/characters?ts={{ts}}&apikey={{apikey}}&hash={{hash}}&name=Captain America",
					"protocol": "https",
					"host": [
						"gateway",
						"marvel",
						"com"
					],
					"port": "443",
					"path": [
						"v1",
						"public",
						"characters"
					],
					"query": [
						{
							"key": "ts",
							"value": "{{ts}}"
						},
						{
							"key": "apikey",
							"value": "{{apikey}}"
						},
						{
							"key": "hash",
							"value": "{{hash}}"
						},
						{
							"key": "name",
							"value": "Captain America"
						}
					]
				}
			},
			"response": []
		},
		{
			"name": "/v1/public/characters/{characterId}",
			"event": [
				{
					"listen": "test",
					"script": {
						"exec": [
							"pm.test(\"Status code is 200\", function () {\r",
							"    pm.response.to.have.status(200);\r",
							"});\r",
							"\r",
							"pm.test(\"Response status is 'Ok'\", function () {\r",
							"    pm.expect(pm.response.json().status).to.eql(\"Ok\");\r",
							"});\r",
							"\r",
							"pm.test(\"Response data is not empty\", function () {\r",
							"    pm.expect(pm.response.json().data).to.not.be.empty;\r",
							"});\r",
							"\r",
							"pm.test(\"Response results contains at least one item\", function () {\r",
							"    pm.expect(pm.response.json().data.results).to.have.lengthOf.at.least(1);\r",
							"});\r",
							"\r",
							"pm.test(\"Each result item's ID is an integer\", function () {\r",
							"    var results = pm.response.json().data.results;\r",
							"    results.forEach(function (item) {\r",
							"        pm.expect(item.id).to.be.an('number');\r",
							"        pm.expect(item.id % 1).to.eql(0); // Verifica se é um número inteiro\r",
							"    });\r",
							"});\r",
							"\r",
							"\r",
							""
						],
						"type": "text/javascript"
					}
				}
			],
			"request": {
				"method": "GET",
				"header": [],
				"url": {
					"raw": "https://gateway.marvel.com:443/v1/public/characters/{{characterId}}?ts={{ts}}&apikey={{apikey}}&hash={{hash}}",
					"protocol": "https",
					"host": [
						"gateway",
						"marvel",
						"com"
					],
					"port": "443",
					"path": [
						"v1",
						"public",
						"characters",
						"{{characterId}}"
					],
					"query": [
						{
							"key": "ts",
							"value": "{{ts}}"
						},
						{
							"key": "apikey",
							"value": "{{apikey}}"
						},
						{
							"key": "hash",
							"value": "{{hash}}"
						}
					]
				}
			},
			"response": []
		}
	]
}