{
	"id": "ed6133e9-925f-4223-8efa-6a097aca4cbe",
	"name": "MottuMarvelGlobal",
	"values": [
		{
			"key": "ts",
			"value": "1687370933",
			"type": "default",
			"enabled": true
		},
		{
			"key": "apikey",
			"value": "4c182b9626d018618362bbd9aad9c60c",
			"type": "default",
			"enabled": true
		},
		{
			"key": "hash",
			"value": "6323830d19a5fd5c5b4076243b367b36",
			"type": "default",
			"enabled": true
		},
		{
			"key": "characterId",
			"value": "1009220",
			"type": "default",
			"enabled": true
		}
	],
	"_postman_variable_scope": "environment",
	"_postman_exported_at": "2023-06-21T19:18:21.843Z",
	"_postman_exported_using": "Postman/10.15.0"
}